Leona;Berard;Leona.Berard@polibuda.pl;LeonaBerard;6wz qGBi;246137801
Vita;Bandeen;Vita.Bandeen@polibuda.pl;VitaBandeen;BcAgwuQ3;205004422
Raf;Markman;Raf.Markman@polibuda.pl;RafMarkman;eqdHjURw;844064620
Brietta;Monaco;Brietta.Monaco@polibuda.pl;BriettaMonaco;aFvraq63;082041049
Tina;Slifka;Tina.Slifka@polibuda.pl;TinaSlifka;3D22LZqF;580520468
Corene;Khorma;Corene.Khorma@polibuda.pl;CoreneKhorma;IE z9bxE;426764969
Genevra;Si;Genevra.Si@polibuda.pl;GenevraSi;yreplCs9;008949290
Clarice;Alfons;Clarice.Alfons@polibuda.pl;ClariceAlfons;KooCH3EW;869489557
Marita;Annice;Marita.Annice@polibuda.pl;MaritaAnnice;gOT7oB98;940384915
Aili;Schenck;Aili.Schenck@polibuda.pl;AiliSchenck;qIqbselz;181647360
Claudina;Dielu;Claudina.Dielu@polibuda.pl;ClaudinaDielu;c1IdpDGZ;378338467
Ashlee;Malvino;Ashlee.Malvino@polibuda.pl;AshleeMalvino;V ddYcqY;490453093
Heddie;Hazlett;Heddie.Hazlett@polibuda.pl;HeddieHazlett;fdSY mx8;229204722
Ruthe;Rooney;Ruthe.Rooney@polibuda.pl;RutheRooney;oblW7KNi;644890190
Jasmina;Gillan;Jasmina.Gillan@polibuda.pl;JasminaGillan;kSOT2Xok;561877071
Farrah;Wandie;Farrah.Wandie@polibuda.pl;FarrahWandie;j7fXYUC5;023609685
Mamie;Grayce;Mamie.Grayce@polibuda.pl;MamieGrayce;wL6MdLuw;239813241
Georgetta;Remmer;Georgetta.Remmer@polibuda.pl;GeorgettaRemmer;d5jga X5;895933400
Shel;Florina;Shel.Florina@polibuda.pl;ShelFlorina;mEEQ1yVl;873855247
Karina;Destinee;Karina.Destinee@polibuda.pl;KarinaDestinee;3B5fqowK;460623517
Lucy;Kronfeld;Lucy.Kronfeld@polibuda.pl;LucyKronfeld;RBw4B4va;813791620
Kaja;Sallyann;Kaja.Sallyann@polibuda.pl;KajaSallyann;h2IwNTnf;196988524
Carilyn;Kunin;Carilyn.Kunin@polibuda.pl;CarilynKunin;fl psPnx;992993956
Marleah;Juliet;Marleah.Juliet@polibuda.pl;MarleahJuliet;x6H8OS3f;519766585
Lila;Yusuk;Lila.Yusuk@polibuda.pl;LilaYusuk;kiadRFsv;160460530
Dagmar;Karl;Dagmar.Karl@polibuda.pl;DagmarKarl;6PRUSwcx;457433315
Ardys;Philoo;Ardys.Philoo@polibuda.pl;ArdysPhiloo;YGZcMTpU;960797421
Jacenta;Candy;Jacenta.Candy@polibuda.pl;JacentaCandy;iVvLX1t8;539980897
Rosanne;Eliathas;Rosanne.Eliathas@polibuda.pl;RosanneEliathas;n6mGFJXN;042529424
Evita;Lamoree;Evita.Lamoree@polibuda.pl;EvitaLamoree;L1KW8VYs;362476970
Judy;Harned;Judy.Harned@polibuda.pl;JudyHarned;MUEdpn0t;738987270
Krystle;Lalitta;Krystle.Lalitta@polibuda.pl;KrystleLalitta;B4 W0 Ol;505692220
Celisse;Dahlia;Celisse.Dahlia@polibuda.pl;CelisseDahlia;e1dK y6D;666750742
Layla;Ludewig;Layla.Ludewig@polibuda.pl;LaylaLudewig;9el3kV9j;707964647
Caressa;Zrike;Caressa.Zrike@polibuda.pl;CaressaZrike;IeIahFID;632135441
Candi;Rossner;Candi.Rossner@polibuda.pl;CandiRossner;vBRzvUYs;094050885
Berta;Schalles;Berta.Schalles@polibuda.pl;BertaSchalles;SCidG8yU;880460671
Teddie;Stevy;Teddie.Stevy@polibuda.pl;TeddieStevy;mbvG R 4;018695087
Mellicent;Ammann;Mellicent.Ammann@polibuda.pl;MellicentAmmann;JZo U7Bu;157164603
Tilly;Bord;Tilly.Bord@polibuda.pl;TillyBord;ZP0eQMxX;837617030
Eugine;Dyche;Eugine.Dyche@polibuda.pl;EugineDyche;JXm7Usfu;072998019
Marleah;Koehler;Marleah.Koehler@polibuda.pl;MarleahKoehler;hQqJeq4f;105540209
Max;Barney;Max.Barney@polibuda.pl;MaxBarney;FSkc9PxE;226726621
Daune;Payson;Daune.Payson@polibuda.pl;DaunePayson;aZN7aBn2;529432701
Marti;Sammons;Marti.Sammons@polibuda.pl;MartiSammons;'jZkwNqw ';444802932
Latisha;Pacorro;Latisha.Pacorro@polibuda.pl;LatishaPacorro;8JyMxtPt;783551054
Livvyy;Marlie;Livvyy.Marlie@polibuda.pl;LivvyyMarlie;O V 0Uxn;587458011
Tersina;Ardra;Tersina.Ardra@polibuda.pl;TersinaArdra;GlTLhW4a;018380580
Corina;Marisa;Corina.Marisa@polibuda.pl;CorinaMarisa;qvKO1qqp;250157682
Daune;Shelba;Daune.Shelba@polibuda.pl;DauneShelba;K896ZBnp;097157529
Marika;Oneida;Marika.Oneida@polibuda.pl;MarikaOneida;PKamLWM8;561701971
Marsiella;Raffo;Marsiella.Raffo@polibuda.pl;MarsiellaRaffo;KKqjXrCl;829160958
Phylis;Bivins;Phylis.Bivins@polibuda.pl;PhylisBivins;ipAAMZG9;837113387
Roberta;Maroney;Roberta.Maroney@polibuda.pl;RobertaMaroney;GoNUioff;400994583
Gwyneth;My;Gwyneth.My@polibuda.pl;GwynethMy;7iQl7p3b;789881492
Rhoda;Yusuk;Rhoda.Yusuk@polibuda.pl;RhodaYusuk;oRf7Z8HV;764896008
Arlena;Loeb;Arlena.Loeb@polibuda.pl;ArlenaLoeb;9df9s9 8;807195936
Alleen;Warthman;Alleen.Warthman@polibuda.pl;AlleenWarthman;awjXYSeN;644180753
Pierette;Maroney;Pierette.Maroney@polibuda.pl;PieretteMaroney;'KL3Pry6 ';196819806
Sean;Autrey;Sean.Autrey@polibuda.pl;SeanAutrey;d6o5EbsV;202604494
Doralynne;Jarib;Doralynne.Jarib@polibuda.pl;DoralynneJarib;'A9I8A2m ';095823149
Magdalena;Azeria;Magdalena.Azeria@polibuda.pl;MagdalenaAzeria;HgBoiOWO;931861690
Kaia;Poll;Kaia.Poll@polibuda.pl;KaiaPoll;RkM3VHcL;660447931
Berta;Morgun;Berta.Morgun@polibuda.pl;BertaMorgun;S0HFeQzT;260480066
Mamie;Peti;Mamie.Peti@polibuda.pl;MamiePeti;Gp0AhzBF;919660864
Merrie;Charity;Merrie.Charity@polibuda.pl;MerrieCharity;6bdNZhN7;140261146
Daune;Abbot;Daune.Abbot@polibuda.pl;DauneAbbot;F6jYtdlt;306865609
Aubrie;Cecile;Aubrie.Cecile@polibuda.pl;AubrieCecile;Kbh0dGGg;634469728
Vanessa;Pascia;Vanessa.Pascia@polibuda.pl;VanessaPascia;oKMOheEc;491610885
Dale;Raimondo;Dale.Raimondo@polibuda.pl;DaleRaimondo;kNysrTPg;739605804
Marti;Aldric;Marti.Aldric@polibuda.pl;MartiAldric;pnvD83 a;855149769
Cacilie;Sundin;Cacilie.Sundin@polibuda.pl;CacilieSundin;SudMOxxW;250731522
Dorthy;Anderea;Dorthy.Anderea@polibuda.pl;DorthyAnderea;FC6O92cG;576026636
Willetta;Hortensia;Willetta.Hortensia@polibuda.pl;WillettaHortensia;VTXCdGkz;039572991
Oralee;Daniele;Oralee.Daniele@polibuda.pl;OraleeDaniele;zZAYvWJP;413887342
Dale;Amethist;Dale.Amethist@polibuda.pl;DaleAmethist;ZvQZF5gV;330502786
Cristabel;Dex;Cristabel.Dex@polibuda.pl;CristabelDex;ndjVEGGH;757481735
Jenilee;Maiah;Jenilee.Maiah@polibuda.pl;JenileeMaiah;UKpiwGD8;847671269
Jemie;Vale;Jemie.Vale@polibuda.pl;JemieVale;9JvEGGbI;870384968
Addia;Ader;Addia.Ader@polibuda.pl;AddiaAder;qUnlDG2f;591200091
Bobbi;Pillsbury;Bobbi.Pillsbury@polibuda.pl;BobbiPillsbury;98Jx6ys2;902719072
Meg;Waldron;Meg.Waldron@polibuda.pl;MegWaldron;' YkJCYWm';672596434
Ingrid;Yorick;Ingrid.Yorick@polibuda.pl;IngridYorick;7BowvaWu;066798002
Pearline;Mitzi;Pearline.Mitzi@polibuda.pl;PearlineMitzi;sT7sthOj;099723358
Dianemarie;Darrell;Dianemarie.Darrell@polibuda.pl;DianemarieDarrell;' iUwykSM';526398014
Sam;Breed;Sam.Breed@polibuda.pl;SamBreed;e2AAk1Rk;144000688
Lorne;Nickola;Lorne.Nickola@polibuda.pl;LorneNickola;H3 8cFkJ;438488543
Thalia;Chrystel;Thalia.Chrystel@polibuda.pl;ThaliaChrystel;2iVftVbu;515669891
Inga;Chapland;Inga.Chapland@polibuda.pl;IngaChapland;r4yunpee;779774479
Kathy;Ietta;Kathy.Ietta@polibuda.pl;KathyIetta;mmBoT0Qp;475241505
Maurene;Tillford;Maurene.Tillford@polibuda.pl;MaureneTillford;tG6 azSw;422463725
Zaria;Japeth;Zaria.Japeth@polibuda.pl;ZariaJapeth;T6V4sPDj;006375729
Orelia;Infield;Orelia.Infield@polibuda.pl;OreliaInfield;wMIZi4Yi;103522407
Meghann;Kesley;Meghann.Kesley@polibuda.pl;MeghannKesley;sM a xPr;643670448
Fernande;Laverne;Fernande.Laverne@polibuda.pl;FernandeLaverne;CdvRSMHx;842665848
Annice;Ortrude;Annice.Ortrude@polibuda.pl;AnniceOrtrude;l2c6lvaz;505973869
Shandie;Daegal;Shandie.Daegal@polibuda.pl;ShandieDaegal;rueKaMGY;741059348
Tonia;Evvie;Tonia.Evvie@polibuda.pl;ToniaEvvie;QXT C3jz;422121998
Renae;Shanley;Renae.Shanley@polibuda.pl;RenaeShanley;3Kdp Oh1;847873270
Gwenneth;Bonilla;Gwenneth.Bonilla@polibuda.pl;GwennethBonilla;5CNgV7n9;318584959