Carol-Jean;Mitzi;Carol-Jean.Mitzi@polibuda.pl;Carol-JeanMitzi;B8o4nPuA;256682286
Ronna;Goode;Ronna.Goode@polibuda.pl;RonnaGoode;i5mQS8SC;775380706
Shell;Bouchard;Shell.Bouchard@polibuda.pl;ShellBouchard;bn387vo3;955082266
Grier;Chinua;Grier.Chinua@polibuda.pl;GrierChinua;tDaIq3Tu;728432722
Vita;Harday;Vita.Harday@polibuda.pl;VitaHarday;CVnAl iX;774783968
Siana;Medrek;Siana.Medrek@polibuda.pl;SianaMedrek;RR6K6zAZ;375870560
Kayla;Dituri;Kayla.Dituri@polibuda.pl;KaylaDituri;1mSOqQiB;536463550
Rosanne;Fadiman;Rosanne.Fadiman@polibuda.pl;RosanneFadiman;JdRLJBpV;145771204
Henriette;Marcellus;Henriette.Marcellus@polibuda.pl;HenrietteMarcellus;tg6tFgcy;157666546
Christy;Rossner;Christy.Rossner@polibuda.pl;ChristyRossner;jaMwylut;020649390
Dawn;Gamaliel;Dawn.Gamaliel@polibuda.pl;DawnGamaliel;OV A5 2r;244382757
Esmeralda;Vacuva;Esmeralda.Vacuva@polibuda.pl;EsmeraldaVacuva;sQsGmel1;938915556
Rani;Leler;Rani.Leler@polibuda.pl;RaniLeler;JwvbvT6j;815730368
Lusa;Thomasina;Lusa.Thomasina@polibuda.pl;LusaThomasina;ScZqoLt7;366144286
Teriann;Louanna;Teriann.Louanna@polibuda.pl;TeriannLouanna;JmmPoqSA;224900447
Elsie;Alva;Elsie.Alva@polibuda.pl;ElsieAlva;Ihg0ZXfv;070376749
Sashenka;Borrell;Sashenka.Borrell@polibuda.pl;SashenkaBorrell;WkHHFnkg;254066086
Calla;Medrek;Calla.Medrek@polibuda.pl;CallaMedrek;3RVxefMN;703236840
Lorie;Kenney;Lorie.Kenney@polibuda.pl;LorieKenney;rP wxsDN;888996136
Tani;Kiyoshi;Tani.Kiyoshi@polibuda.pl;TaniKiyoshi;2UwCV0ON;397071573
Agnese;Hubert;Agnese.Hubert@polibuda.pl;AgneseHubert;qC89WgbM;321012614
Gwyneth;Martsen;Gwyneth.Martsen@polibuda.pl;GwynethMartsen;6889lVzv;815856632
Veda;Merna;Veda.Merna@polibuda.pl;VedaMerna;'y2iSjxK ';833291070
Wilma;Belldas;Wilma.Belldas@polibuda.pl;WilmaBelldas;4ILiIZmd;285768696
Agathe;Goerke;Agathe.Goerke@polibuda.pl;AgatheGoerke;sPYvPEFE;469175755
Caressa;Mott;Caressa.Mott@polibuda.pl;CaressaMott;VHfYz9hv;299238125
Nerta;Aaberg;Nerta.Aaberg@polibuda.pl;NertaAaberg;5PF8fae3;298187556
Tori;Fillbert;Tori.Fillbert@polibuda.pl;ToriFillbert;vz1Jh 0N;715610322
Jan;Bartlett;Jan.Bartlett@polibuda.pl;JanBartlett;Ye gOdq3;342276517
Marnia;Xerxes;Marnia.Xerxes@polibuda.pl;MarniaXerxes;GnXZxQ4d;834222948
Kerrin;Baudin;Kerrin.Baudin@polibuda.pl;KerrinBaudin;E0v0dbYK;178162941
Michaelina;Cosenza;Michaelina.Cosenza@polibuda.pl;MichaelinaCosenza;FOrmeTKu;721651964
Robbi;Papageno;Robbi.Papageno@polibuda.pl;RobbiPapageno;iVQYLef5;107895614
Bibby;Garlinda;Bibby.Garlinda@polibuda.pl;BibbyGarlinda;smIBwY2h;147790134
Sharlene;Silvan;Sharlene.Silvan@polibuda.pl;SharleneSilvan;z0d27wMp;389295137
Lolita;Pulsifer;Lolita.Pulsifer@polibuda.pl;LolitaPulsifer;th pWi7i;075713132
Jemie;Gino;Jemie.Gino@polibuda.pl;JemieGino;'eLpz1PV ';511175819
Darlleen;Baudin;Darlleen.Baudin@polibuda.pl;DarlleenBaudin;dE0hpt71;245767552
Audrie;McLaughlin;Audrie.McLaughlin@polibuda.pl;AudrieMcLaughlin;qd17DPK7;221922778
Kalina;Diann;Kalina.Diann@polibuda.pl;KalinaDiann;iS9acj8p;093883276
Wanda;Hoban;Wanda.Hoban@polibuda.pl;WandaHoban;md7yy9Zt;223368616
Olwen;Tengdin;Olwen.Tengdin@polibuda.pl;OlwenTengdin;cJFTkbV9;537061134
Collen;Hubert;Collen.Hubert@polibuda.pl;CollenHubert;V eTvDqU;987094594
Sidoney;Latini;Sidoney.Latini@polibuda.pl;SidoneyLatini;UGliZ 0I;351970885
Gale;Ardeha;Gale.Ardeha@polibuda.pl;GaleArdeha;M rh7KGk;193857039
Sarette;Kaja;Sarette.Kaja@polibuda.pl;SaretteKaja;uS5chPol;617847490
Valera;Screens;Valera.Screens@polibuda.pl;ValeraScreens;TDqLBaUx;716457545
Dacia;Carvey;Dacia.Carvey@polibuda.pl;DaciaCarvey;sk0ar6 M;509273173
Tamqrah;Kaete;Tamqrah.Kaete@polibuda.pl;TamqrahKaete;' 5kbOBeP';762256806
Shauna;Thar;Shauna.Thar@polibuda.pl;ShaunaThar;LlDZYdCm;733979773
Stacey;Ackerley;Stacey.Ackerley@polibuda.pl;StaceyAckerley;Yp5vDULn;399522917
Adriana;Gilbertson;Adriana.Gilbertson@polibuda.pl;AdrianaGilbertson;y0wvSK U;199480159
Alleen;Trey;Alleen.Trey@polibuda.pl;AlleenTrey;koOGhmaq;621646669
Romona;Marijo;Romona.Marijo@polibuda.pl;RomonaMarijo;cOnD KVs;505866506
Dacia;Anderea;Dacia.Anderea@polibuda.pl;DaciaAnderea;ay9iUE8R;059165802
Correy;Edmund;Correy.Edmund@polibuda.pl;CorreyEdmund;N9xCQSr3;160276851
Katharina;Burkle;Katharina.Burkle@polibuda.pl;KatharinaBurkle;A9v6nMgN;447651405
Estell;Vanni;Estell.Vanni@polibuda.pl;EstellVanni;VPh6ktwK;190089587
Karly;Franza;Karly.Franza@polibuda.pl;KarlyFranza;Mp9dtfIg;493542367
Daphne;Salchunas;Daphne.Salchunas@polibuda.pl;DaphneSalchunas;xKQT7AEz;241617384
Audrie;Hylan;Audrie.Hylan@polibuda.pl;AudrieHylan;AojGrOoN;854609271
Sonni;Narton;Sonni.Narton@polibuda.pl;SonniNarton;7ARLdQ1b;379211097
Ericka;Roarke;Ericka.Roarke@polibuda.pl;ErickaRoarke;sgyS2RI5;966938990
Carolina;Lymann;Carolina.Lymann@polibuda.pl;CarolinaLymann;wfirBYwY;351988058
Corene;Monaco;Corene.Monaco@polibuda.pl;CoreneMonaco;5ULOnzFx;251988759
Paola;Yoko;Paola.Yoko@polibuda.pl;PaolaYoko;Cqm8mfc7;372478971
Elvira;Gabrielli;Elvira.Gabrielli@polibuda.pl;ElviraGabrielli;lG7OpXmn;981602231
Fredericka;Francyne;Fredericka.Francyne@polibuda.pl;FrederickaFrancyne;'CVfVSr5 ';984412919
Chastity;Zaslow;Chastity.Zaslow@polibuda.pl;ChastityZaslow;aOpfFEWL;091914336
Konstance;Ricarda;Konstance.Ricarda@polibuda.pl;KonstanceRicarda;7Co224mE;750291993
Wileen;Quent;Wileen.Quent@polibuda.pl;WileenQuent;aADWfyGd;751424541
Johna;Colp;Johna.Colp@polibuda.pl;JohnaColp;4ol9Ao2y;317178063
Jessamyn;Fillbert;Jessamyn.Fillbert@polibuda.pl;JessamynFillbert;X9mpRYah;386018799
Leontine;Bettine;Leontine.Bettine@polibuda.pl;LeontineBettine;AcyA8Ly8;174916941
Annora;Barrus;Annora.Barrus@polibuda.pl;AnnoraBarrus;F6vZdGRX;541884192
Amii;Gibbeon;Amii.Gibbeon@polibuda.pl;AmiiGibbeon;j6XJEPUI;974181549
Nanete;Fadiman;Nanete.Fadiman@polibuda.pl;NaneteFadiman;6hTGEHjr;505579143
Alex;Carri;Alex.Carri@polibuda.pl;AlexCarri;tLIEcWuy;457721997
Lily;Heidt;Lily.Heidt@polibuda.pl;LilyHeidt;W5qR 0zk;543024188
Taffy;Jobi;Taffy.Jobi@polibuda.pl;TaffyJobi;aZoFHp4h;244562565
Selma;Mozelle;Selma.Mozelle@polibuda.pl;SelmaMozelle;RTd6Zswm;395774239
Fred;Adlare;Fred.Adlare@polibuda.pl;FredAdlare;GEYOHaeQ;367974997
Corina;Monaco;Corina.Monaco@polibuda.pl;CorinaMonaco;RgxYPKGR;574807669
Marinna;Tomasina;Marinna.Tomasina@polibuda.pl;MarinnaTomasina;uqx7exTf;136793643
Madeleine;Saint;Madeleine.Saint@polibuda.pl;MadeleineSaint;e 5GLxKt;756377211
Nadine;Florina;Nadine.Florina@polibuda.pl;NadineFlorina;XjBvH62r;632447665
Cordi;Dorcy;Cordi.Dorcy@polibuda.pl;CordiDorcy;QXp335iS;289377801
Kimberley;Adlare;Kimberley.Adlare@polibuda.pl;KimberleyAdlare;c5NEYmxd;445085595
Karena;Ferrell;Karena.Ferrell@polibuda.pl;KarenaFerrell;J3wOEdqe;822216711
Elfreda;Giule;Elfreda.Giule@polibuda.pl;ElfredaGiule;3WVAOoUF;674827223
Leeanne;Donoghue;Leeanne.Donoghue@polibuda.pl;LeeanneDonoghue;b6jtqofa;767195824
Marguerite;Chick;Marguerite.Chick@polibuda.pl;MargueriteChick;oNDykKSy;501753758
Jobi;Kinnard;Jobi.Kinnard@polibuda.pl;JobiKinnard;5vmivaz0;655043346
Vonny;Dominy;Vonny.Dominy@polibuda.pl;VonnyDominy;bRWMGD4J;330785849
Xylina;Rebecka;Xylina.Rebecka@polibuda.pl;XylinaRebecka;cp1LaSez;195790477
Kaja;Atcliffe;Kaja.Atcliffe@polibuda.pl;KajaAtcliffe;DPTW3cvP;349067225
Winifred;Mata;Winifred.Mata@polibuda.pl;WinifredMata;6Md1qxtU;240622188
Daphne;Argus;Daphne.Argus@polibuda.pl;DaphneArgus;yo21tSER;987685711
Michaelina;Allys;Michaelina.Allys@polibuda.pl;MichaelinaAllys;EX AO42d;658593494
Pierette;Roarke;Pierette.Roarke@polibuda.pl;PieretteRoarke;jNyNowVE;513618358