Esmeralda;Masao;Esmeralda.Masao@polibuda.pl;EsmeraldaMasao;wjZ hZlg
Aimil;Izaak;Aimil.Izaak@polibuda.pl;AimilIzaak;Yk opcKx
Joleen;Sherfield;Joleen.Sherfield@polibuda.pl;JoleenSherfield;f5dwhHBA
Carolina;Hathaway;Carolina.Hathaway@polibuda.pl;CarolinaHathaway;aiWDmloW
Tersina;Irmine;Tersina.Irmine@polibuda.pl;TersinaIrmine;EhZtkCSN
Rosabelle;Connelly;Rosabelle.Connelly@polibuda.pl;RosabelleConnelly;wK1PaogT
Gale;Malanie;Gale.Malanie@polibuda.pl;GaleMalanie;dt6Pso8r
Annora;Sheng;Annora.Sheng@polibuda.pl;AnnoraSheng;ugJzx6yI
Joy;Sparhawk;Joy.Sparhawk@polibuda.pl;JoySparhawk;IUqJuits
Nannie;Connelly;Nannie.Connelly@polibuda.pl;NannieConnelly;VcQHeXRV
Millie;Dermott;Millie.Dermott@polibuda.pl;MillieDermott;" j1u9M1H"
Loree;Delacourt;Loree.Delacourt@polibuda.pl;LoreeDelacourt;ADC5SBnK
Janeczka;Ader;Janeczka.Ader@polibuda.pl;JaneczkaAder;i cX 3lC
Kalina;Klemperer;Kalina.Klemperer@polibuda.pl;KalinaKlemperer;lEzgzJtA
Carol-Jean;Suk;Carol-Jean.Suk@polibuda.pl;Carol-JeanSuk;lVtAXBP5
Tersina;Monaco;Tersina.Monaco@polibuda.pl;TersinaMonaco;9yvUL4WC
Dode;My;Dode.My@polibuda.pl;DodeMy;PoClZaO8
Ann-Marie;Lenny;Ann-Marie.Lenny@polibuda.pl;Ann-MarieLenny;s8UGMdcz
Netty;Lynn;Netty.Lynn@polibuda.pl;NettyLynn;jCgzYUfZ
Tami;Melan;Tami.Melan@polibuda.pl;TamiMelan;pQbddKO1
Amalie;Anastatius;Amalie.Anastatius@polibuda.pl;AmalieAnastatius;ENPB53 5
Gavrielle;Diann;Gavrielle.Diann@polibuda.pl;GavrielleDiann;hf NeUs3
Winny;Center;Winny.Center@polibuda.pl;WinnyCenter;rYR2oNaH
Viki;Shelba;Viki.Shelba@polibuda.pl;VikiShelba;B FOojwY
Elmira;Skell;Elmira.Skell@polibuda.pl;ElmiraSkell;FjlSfl3b
Nanete;Merat;Nanete.Merat@polibuda.pl;NaneteMerat;TE6IZG E
Lita;Modie;Lita.Modie@polibuda.pl;LitaModie;Gk2tEpYX
Meg;Dudley;Meg.Dudley@polibuda.pl;MegDudley;nkjc3bNE
Willetta;Mich;Willetta.Mich@polibuda.pl;WillettaMich;9NnRfpMs
Mildrid;Phi;Mildrid.Phi@polibuda.pl;MildridPhi;d1aMn5Ou
Mallory;Emmy;Mallory.Emmy@polibuda.pl;MalloryEmmy;HdRccsAv
Correy;Goddard;Correy.Goddard@polibuda.pl;CorreyGoddard;sEo NjdU
Karly;Sancho;Karly.Sancho@polibuda.pl;KarlySancho;f3dhGSp5
Kate;Liebermann;Kate.Liebermann@polibuda.pl;KateLiebermann;fACSjkPS
Jolyn;Tyson;Jolyn.Tyson@polibuda.pl;JolynTyson;7j6Xt5fH
Cordi;Rheingold;Cordi.Rheingold@polibuda.pl;CordiRheingold;splmuZV5
Coral;Wiener;Coral.Wiener@polibuda.pl;CoralWiener;nfgMghYq
Clo;Hunfredo;Clo.Hunfredo@polibuda.pl;CloHunfredo;lzCXmagh
Donetta;Hamil;Donetta.Hamil@polibuda.pl;DonettaHamil;MJpx8uVB
Jacquetta;Rhu;Jacquetta.Rhu@polibuda.pl;JacquettaRhu;UnBCpKJT
Shannah;Longfellow;Shannah.Longfellow@polibuda.pl;ShannahLongfellow;oEo DYIn
Averyl;Afton;Averyl.Afton@polibuda.pl;AverylAfton;PdrzXgUE
Tersina;Alabaster;Tersina.Alabaster@polibuda.pl;TersinaAlabaster;GbzSiFT5
Carolina;Colleen;Carolina.Colleen@polibuda.pl;CarolinaColleen;SJ4Ck6L5
Cordi;Penelopa;Cordi.Penelopa@polibuda.pl;CordiPenelopa;kGJ1XD3c
Devina;McAdams;Devina.McAdams@polibuda.pl;DevinaMcAdams;YMcTl Ue
Genovera;Audly;Genovera.Audly@polibuda.pl;GenoveraAudly;61HAnOyF
Kylynn;Lenny;Kylynn.Lenny@polibuda.pl;KylynnLenny;5O8qB29H
Bertine;Gerge;Bertine.Gerge@polibuda.pl;BertineGerge;VreUYUQk
Dari;Ummersen;Dari.Ummersen@polibuda.pl;DariUmmersen;jnRBGmej
Fredericka;Barbey;Fredericka.Barbey@polibuda.pl;FrederickaBarbey;KGodxgbV
Gilda;Durware;Gilda.Durware@polibuda.pl;GildaDurware;n 6sBdy8
Janey;Chobot;Janey.Chobot@polibuda.pl;JaneyChobot;XWYAyw76
Jean;Malina;Jean.Malina@polibuda.pl;JeanMalina;GjiWqdpo
Elise;Geffner;Elise.Geffner@polibuda.pl;EliseGeffner;UpVlWzCn
Aaren;Moseley;Aaren.Moseley@polibuda.pl;AarenMoseley;2zcSnzOd
Deedee;Vilma;Deedee.Vilma@polibuda.pl;DeedeeVilma;VcUffXbb
Annaliese;Weinreb;Annaliese.Weinreb@polibuda.pl;AnnalieseWeinreb;ZvoMUJoe
Lisette;Jacobah;Lisette.Jacobah@polibuda.pl;LisetteJacobah;2EH1CInt
Celisse;Emanuel;Celisse.Emanuel@polibuda.pl;CelisseEmanuel;YjWvWvNs
Courtnay;Koehler;Courtnay.Koehler@polibuda.pl;CourtnayKoehler;idG2XmQS
Lily;Sharl;Lily.Sharl@polibuda.pl;LilySharl;6BcJ3XBo
Linet;Silvan;Linet.Silvan@polibuda.pl;LinetSilvan;LTtPIjLI
Meghann;Horan;Meghann.Horan@polibuda.pl;MeghannHoran;hONyx3TB
Gwyneth;Lareena;Gwyneth.Lareena@polibuda.pl;GwynethLareena;QBiiWeQ8
Perry;Izaak;Perry.Izaak@polibuda.pl;PerryIzaak;OoVODY Z
Trixi;Friede;Trixi.Friede@polibuda.pl;TrixiFriede;17uDPJIA
Kayla;Phaidra;Kayla.Phaidra@polibuda.pl;KaylaPhaidra;eYFMFRqk
Jennica;Meli;Jennica.Meli@polibuda.pl;JennicaMeli;cekEJdnf
Althea;Norrie;Althea.Norrie@polibuda.pl;AltheaNorrie;"UhT4pXx "
Desirae;Brunell;Desirae.Brunell@polibuda.pl;DesiraeBrunell;lD9wCUjh
Fred;Tamar;Fred.Tamar@polibuda.pl;FredTamar;KkXFjWgh
Meghann;Meter;Meghann.Meter@polibuda.pl;MeghannMeter;W4Ihubkz
Minda;Allare;Minda.Allare@polibuda.pl;MindaAllare;puiS6 sT
Amara;Charity;Amara.Charity@polibuda.pl;AmaraCharity;Qdh4XSpa
Michaelina;Barney;Michaelina.Barney@polibuda.pl;MichaelinaBarney;leiVKjm3
Donnie;Olympium;Donnie.Olympium@polibuda.pl;DonnieOlympium;9FX8ZA44
Suzette;Weitman;Suzette.Weitman@polibuda.pl;SuzetteWeitman;26XYgeCz
Livvyy;Wu;Livvyy.Wu@polibuda.pl;LivvyyWu;bREZ3xuz
Karina;Sandye;Karina.Sandye@polibuda.pl;KarinaSandye;cINnx1Ls
Bernardine;Septima;Bernardine.Septima@polibuda.pl;BernardineSeptima;N4mAgO5b
Keelia;Ader;Keelia.Ader@polibuda.pl;KeeliaAder;" Vdv3jgR"
Yvonne;Lalitta;Yvonne.Lalitta@polibuda.pl;YvonneLalitta;iozoFJ3t
Layla;Shaddock;Layla.Shaddock@polibuda.pl;LaylaShaddock;xnM7BHCy
Vevay;Eno;Vevay.Eno@polibuda.pl;VevayEno;sCnL T5E
Wynne;Hebner;Wynne.Hebner@polibuda.pl;WynneHebner;9ishmUhQ
Madelle;Rosette;Madelle.Rosette@polibuda.pl;MadelleRosette;VPiXzZLR
Leontine;Lorain;Leontine.Lorain@polibuda.pl;LeontineLorain;lml QAnj
Delilah;Demitria;Delilah.Demitria@polibuda.pl;DelilahDemitria;tKYdtNSy
Siana;Lindemann;Siana.Lindemann@polibuda.pl;SianaLindemann;ByC4Zqgf
Zia;Colp;Zia.Colp@polibuda.pl;ZiaColp;c1C vbiL
Wendi;Edison;Wendi.Edison@polibuda.pl;WendiEdison;7x9tbkuq
Annabela;Markman;Annabela.Markman@polibuda.pl;AnnabelaMarkman;MVJLvtU8
Madalyn;Carey;Madalyn.Carey@polibuda.pl;MadalynCarey;VgYEt 3s
Malina;Noelyn;Malina.Noelyn@polibuda.pl;MalinaNoelyn;"ywxcf7d "
Claudina;Docilla;Claudina.Docilla@polibuda.pl;ClaudinaDocilla;"YZvndZ8 "
Jenda;Brandice;Jenda.Brandice@polibuda.pl;JendaBrandice;SVwT NCI
Glenda;Deegan;Glenda.Deegan@polibuda.pl;GlendaDeegan;TZ5hJBqD
Elmira;Grayce;Elmira.Grayce@polibuda.pl;ElmiraGrayce;nTX EHkJ
Karlee;Winthorpe;Karlee.Winthorpe@polibuda.pl;KarleeWinthorpe;qHorvRKt